ID,JobTitle,EmailAddress,Name,Income,Rate
1,Doctor,Dakota_Reynolds9798@gompie.com,Dakota Reynolds,101,4.5
2,Physician,Ron_Groves5662@jiman.org,Ron Groves,122,5.7
3,Auditor,Sharon_Flynn5896@irrepsy.com,Sharon Flynn,231,8.9
4,Bellman,Bryce_Tyler5469@irrepsy.com,Bryce Tyler,432,3.67
5,Designer,Molly_Edwards4705@bauros.biz,Molly Edwards,543,6.78
6,Bellman,Jules_Norris1780@bretoux.com,Jules Norris,123,5.6
7,Retail Trainee,Johnathan_Rose7352@ovock.tech,Johnathan Rose,321,6.78
8,Electrician,Henry_Egerton1586@tonsy.org,Henry Egerton,432,2.4
9,Designer,Russel_Johnson4694@hourpy.biz,Russel Johnson,123,2.78
10,Biologist,Isla_Ainsworth1176@naiker.biz,Isla Ainsworth,242,5.8
11,Machine Operator,Matt_Walker1029@womeona.net,Matt Walker,562,5.9
12,Project Manager,Boris_Douglas8111@gmail.com,Boris Douglas,453,1.09
13,Operator,Jayden_Booth9932@zorer.org,Jayden Booth,123,8.9
14,Healthcare Specialist,Gabriel_Martin465@twipet.com,Gabriel Martin,432,9
15,Baker,Benny_Waterson3001@grannar.com,Benny Waterson,543,4.67
16,Lecturer,Charlotte_Clayton5160@fuliss.net,Charlotte Clayton,274,1.78
17,HR Coordinator,Benny_Butler3128@twace.org,Benny Butler,278,2.578
18,Mobile Developer,Chadwick_Gregory4298@iatim.tech,Chadwick Gregory,428,5.678
19,Machine Operator,Adina_Moore8639@hourpy.biz,Adina Moore,254,8.9
20,Food Technologist,Carol_Notman6515@brety.org,Carol Notman,111,4.5
21,Biologist,Jules_Poulton2635@gembat.biz,Jules Poulton,333,3.89
22,HR Coordinator,Jaylene_Hale8958@sveldo.biz,Jaylene Hale,222,2.89
23,Paramedic,Doug_Oatway7362@cispeto.com,Doug Oatway,333,1.89
24,Retail Trainee,Iris_Callan3709@gompie.com,Iris Callan,432,6.43
25,Stockbroker,Boris_Brennan1167@womeona.net,Boris Brennan,543,4.43
26,Doctor,Alan_Waterhouse5605@nimogy.biz,Alan Waterhouse,238,3.33
27,Healthcare Specialist,Jayden_Nobbs8054@grannar.com,Jayden Nobbs,268,4.88
28,Healthcare Specialist,Belinda_Blackwall5058@extex.org,Belinda Blackwall,349,5.88
29,Paramedic,Daria_Miller7725@kideod.biz,Daria Miller,234,6.88
30,Project Manager,Jessica_Truscott2616@kideod.biz,Jessica Truscott,234,2.99
31,Bellman,Mavis_Ellis9303@nickia.com,Mavis Ellis,456,7.12
32,Physician,Dani_Whittle5082@kideod.biz,Dani Whittle,567,5.12
33,Systems Administrator,Molly_James6121@sveldo.biz,Molly James,567,4.12
34,Ambulatory Nurse,Mara_Kennedy3895@liret.org,Mara Kennedy,543,6.112
35,Designer,Julianna_Dubois354@cispeto.com,Julianna Dubois,589,8.333
36,Doctor,Matt_Walton6676@naiker.biz,Matt Walton,278,4.5
37,Cook,Jennifer_Redwood6483@yahoo.com,Jennifer Redwood,678,3.99
38,Lecturer,Jacob_Wise9536@extex.org,Jacob Wise,543,3.99
39,Health Educator,Marissa_Truscott4053@zorer.org,Marissa Truscott,589,3.99
40,Global Logistics Supervisor,Benjamin_Summers5164@sheye.org,Benjamin Summers,511,3.99
41,Steward,Jack_Veale8642@jiman.org,Jack Veale,421,4.89
42,Baker,Britney_Neal6188@deons.tech,Britney Neal,633,1.11
43,Lecturer,Matthew_Coates512@typill.biz,Matthew Coates,621,2.67
44,Physician,Barry_Connell7274@iatim.tech,Barry Connell,432,7.89
45,Investment  Advisor,Clarissa_Hepburn7113@bungar.biz,Clarissa Hepburn,567,3.78
46,Associate Professor,Marie_Bryant9504@grannar.com,Marie Bryant,611,4.5
47,HR Coordinator,Samantha_Forth3574@gompie.com,Samantha Forth,632,6.7
48,Audiologist,Bryce_Devonport3914@typill.biz,Bryce Devonport,765,4.88
49,Operator,Cadence_Harper6666@yahoo.com,Cadence Harper,345,8.99
50,Global Logistics Supervisor,Sabina_Salt7166@vetan.org,Sabina Salt,367,8.99
51,Cash Manager,Mason_Norman4474@gmail.com,Mason Norman,300,8.99
52,Web Developer,Owen_Harrison6830@atink.com,Owen Harrison,398,8.99
53,Bookkeeper,Carl_Lakey6191@jiman.org,Carl Lakey,400,8.99
54,Machine Operator,Liam_Baker362@zorer.org,Liam Baker,500,8.99
55,Design Engineer,Ruth_Cobb239@gembat.biz,Ruth Cobb,600,8.99
56,Systems Administrator,Shay_Carpenter6484@dionrab.com,Shay Carpenter,235,8.99
57,Software Engineer,Ronald_Andrews2639@tonsy.org,Ronald Andrews,651,3.3333
58,Loan Officer,Daphne_Leigh7382@guentu.biz,Daphne Leigh,700,6.88
59,Auditor,Livia_Anderson9616@extex.org,Livia Anderson,711,9.99
60,Audiologist,Sebastian_May9596@sveldo.biz,Sebastian May,100,9.77
61,Business Broker,Javier_Overson17@guentu.biz,Javier Overson,128,6.89
62,Inspector,Carl_Bell7355@ovock.tech,Carl Bell,435,5.99
63,Audiologist,Allison_Trent8404@sveldo.biz,Allison Trent,345,1.055
64,Assistant Buyer,Harry_Sylvester553@sveldo.biz,Harry Sylvester,654,5.89
65,Business Broker,Rocco_Hall3930@gembat.biz,Rocco Hall,237,6.7
66,Business Broker,Danny_Mould6081@atink.com,Danny Mould,567,3.1
67,Global Logistics Supervisor,Emma_Adams5481@sheye.org,Emma Adams,678,7.1
68,Service Supervisor,Gwen_Reynolds8055@womeona.net,Gwen Reynolds,789,6.22
69,Pharmacist,Willow_Seymour1034@eirey.tech,Willow Seymour,541,5.23
70,Laboratory Technician,Makenzie_Mccall3210@guentu.biz,Makenzie Mccall,632,6.333
71,Systems Administrator,Ryan_Cartwright2266@iatim.tech,Ryan Cartwright,764,8.32
72,Ambulatory Nurse,Belinda_Hope6409@deons.tech,Belinda Hope,234,7.4
73,Chef Manager,Chester_Savage9018@tonsy.org,Chester Savage,278,7.3
74,Banker,Adalind_Swan6742@ubusive.com,Adalind Swan,489,7.333
75,Executive Director,Kieth_Todd3778@corti.com,Kieth Todd,589,6.34
76,CNC Operator,Hazel_Hastings2110@bauros.biz,Hazel Hastings,689,5.33
77,Paramedic,Martin_Oswald8956@joiniaa.com,Martin Oswald,789,6.32
78,Retail Trainee,Luke_Robertson9490@nickia.com,Luke Robertson,456,6.322
79,Executive Director,Alexa_Addis1149@gmail.com,Alexa Addis,367,8.33
80,Insurance Broker,Carissa_Farrant2855@grannar.com,Carissa Farrant,267,9.22
81,Treasurer,Colleen_Tobin2215@nickia.com,Colleen Tobin,167,6.33
82,Restaurant Manager,Barry_Bentley6221@yahoo.com,Barry Bentley,256,4.22
83,Health Educator,Deborah_Doherty6029@irrepsy.com,Deborah Doherty,356,8.44
84,Laboratory Technician,Boris_Phillips3516@nimogy.biz,Boris Phillips,456,8.44
85,Doctor,Hayden_Mccall4302@kideod.biz,Hayden Mccall,555,8.44
86,CNC Operator,Christy_Forth9001@deons.tech,Christy Forth,444,8.44
87,Front Desk Coordinator,Chuck_Bingham8393@naiker.biz,Chuck Bingham,333,8.44
88,Executive Director,Ally_Nicholls3144@deavo.com,Ally Nicholls,222,8.44
89,Assistant Buyer,Chester_Griffiths3072@nanoff.biz,Chester Griffiths,111,8.44
90,Accountant,Nick_Phillips773@extex.org,Nick Phillips,666,8.44
91,Production Painter,Boris_Matthews7625@muall.tech,Boris Matthews,777,8.44
92,IT Support Staff,Aiden_Beal4803@eirey.tech,Aiden Bea,550,4.889
93,Designer,Anabel_Jarrett8646@muall.tech,Anabel Jarrett,660,4.78
94,Dentist,Daniel_Jordan7339@deavo.com,Daniel Jordan,770,2.22
95,Food Technologist,Carla_Simmons2926@mafthy.com,Carla Simmons,440,9.09
96,Dentist,Jayden_Parker9498@liret.org,Jayden Parker,330,6.87
97,Executive Director,Jolene_Fulton7410@qater.org,Jolene Fulton,220,6.87
98,Front Desk Coordinator,Sonya_Tyrrell1488@twace.org,Sonya Tyrrell,110,6.87
99,Service Supervisor,Russel_Graham6955@fuliss.net,Russel Graham,119,6.87
100,Software Engineer,Maria_Baker4672@sheye.org,Maria Baker,209,6.87
